PUBCHEM_RESULT_TAG,PUBCHEM_SID,PUBCHEM_CID,PUBCHEM_EXT_DATASOURCE_SMILES,PUBCHEM_ACTIVITY_OUTCOME,PUBCHEM_ACTIVITY_SCORE,PUBCHEM_ACTIVITY_URL,PUBCHEM_ASSAYDATA_COMMENT,Phenotype,Permeability,Analysis Comment
RESULT_TYPE,,,,,,,,STRING,STRING,STRING
RESULT_DESCR,,,,,,,,Indicates type of activity observed: 0-10: Low Permeability; 10-40: Moderate Permeability; > 40: High Permeability.,Permeability observed from the stirring double-sink PAMPA-BBB method. Calculations were performed using Pion Inc. software and were expressed in the units of 10^-6cm/s.,Annotation/notes on a particular compound's data or its analysis.
1,404904654,3213,CC1=C2C=CN=CC2=C(C3=C1NC4=CC=CC=C43)C,Active,100,,,High,304,Class = 0
2,144204202,47965,CC1=C(N2[C@@H]([C@@H](C2=O)NC(=O)[C@@H](C3=CC=C(C=C3)O)N)SC1)C(=O)O,Active,100,,,High,304,Class = 0
3,24276203,3261163,CC1=C(C2=CC=CC=C2N1)C3(C4=C(C=CC(=C4)Cl)N(C3=O)CC5=CC=CC=C5)O,Active,100,,,High,303,Class = 0
4,24406852,16028320,COC1=CC(=C(C=C1CN2CCC3=NC(=NC=C3C2)N4CCN(CC4)C5=CC=CC=C5F)OC)OC,Active,100,,,High,303,Class = 0
5,89650055,9266738,CC1=CC=C(C=C1)C2=CSC3=C2C(=NC=N3)SC4=NN=NN4C,Active,100,,,High,303,Class = 0
6,89650056,9266740,CN1C(=NN=N1)SC2=NC=NC3=C2C(=CS3)C4=CC=C(C=C4)Cl,Active,100,,,High,303,Class = 0
7,89650063,44142131,CN1C(=NN=N1)SC2=NC=NC3=C2C(=CS3)C4=CC(=CC=C4)F,Active,100,,,High,303,Class = 0
8,89650066,44142134,CN1C(=NN=N1)SC2=NC=NC3=C2C(=CS3)C4=CC=C(C=C4)C(F)(F)F,Active,100,,,High,303,Class = 0
9,57646310,25243792,CC(=O)C1=CC2=C(S1)C3=C(N2C)C(=O)N(N=C3)CC4=CC=CC=C4F,Active,100,,,High,302,Class = 0
10,124950520,46926599,C1=CC=C(C=C1)CN2C=C(C3=C2N=CN(C3=N)C(CO)(CO)CO)C4=CC=CC=C4,Active,100,,,High,302,Class = 0
11,174006464,51358113,C1=CC(=CC(=C1)N2C(=O)C=CC3=CN=C4C=CC(=CC4=C32)C5=CN=C(C=C5)N)C(F)(F)F,Active,100,,,High,302,Class = 0
12,405558828,51601241,CC1([C@@H](N2[C@H](S1)[C@H](C2=O)N3C(=O)[C@H](NC3(C)C)C4=CC=CC=C4)C(=O)[O-])C,Active,100,,,High,302,Class = 0
13,363677571,9916734,CC(C)C[C@@H](C(=O)N[C@@H](CC1=CC=C(C=C1)OCC2=CC=CC=C2)C(=O)NC(C)(C)C)N(C)CC3=CC=C(C=C3)C(C)(C)C,Active,100,,,High,302,Class = 0
14,384568985,10458325,CN1C[C@H]2CC(C[C@H]2C1)COC3=C(C=C4C(=C3)N=CN=C4NC5=C(C(=C(C=C5)Cl)Cl)F)OC,Active,100,,,High,301,Class = 0
15,363677901,25154868,C1CN(CCC1CC2=CC3=CC=CC=C3N=C2)C(=O)NC4=CC=CC=C4,Active,100,,,High,301,Class = 0
16,375814661,134791303,CC1=CC=CC=C1N(C)C2CN(C2)[S+](=O)(C3=CC=CC(=C3)C(F)(F)F)[O-],Active,100,,,High,301,Class = 0
17,375873932,70756727,CC1=NOC(=C1)CNC(=O)C2=CC3=C(C=C2)N(C(=O)N3CC4CC4)C5CCCCC5,Active,100,,,High,301,Class = 0
18,144206574,3395,CC(C1=CC(=C(C=C1)C2=CC=CC=C2)F)C(=O)OC(C)OC(=O)C,Active,100,,,High,300,Class = 0
19,137275963,44451493,CN(C)C[C@@H]1CCN2C=C(C3C(C4=CN(CCO1)C5=CC=CC=C54)C(=O)NC3=O)C6=CC=CC=C62,Active,100,,,High,300,Class = 0
20,363677979,11503055,C1CN(C[C@H]1NCC2=C(C=C(C=C2)Cl)Cl)C3=NC=C(C=N3)Br,Active,100,,,High,300,Class = 0
21,363678183,177992,CCC[C@H](C1=CC2=C(C=C1)OCO2)NC(=O)N3[C@H](C(C3=O)(CC)CC)OC4=CC=C(C=C4)C(=O)N5CCN(CC5)C,Active,100,,,High,300,Class = 0
22,363678363,51346934,C1C(CN1CC2=CC(=C(C=C2)C3=NC4=C(S3)C=CC(=C4)CC5=CC=CC=C5F)F)C(=O)O,Active,100,,,High,300,Class = 0
23,363681160,71499384,COC1=CC(=CC(=C1OC)OC)/C=C/C(=O)NCCN2C3=CC=CC=C3C=C2C(F)(F)F,Active,100,,,High,300,Class = 0
24,384569494,10180,CCN(CC)CCNC1=C2C(=C(C=C1)C)SC3=CC=CC=C3C2=O,Active,100,,,High,300,Class = 0
25,375888602,134809070,CN1CCN(CC1)C(=O)CC2=CNC3=C2C=C(C=N3)C4=CC=CC=C4OC5=CC=CC=C5,Active,100,,,High,299,Class = 0
26,124954138,51035479,COC1=CC=C(C=C1)CN2C(=C(C3=C2N=CN(C3=N)CC4CCCO4)C5=CC=CC=C5)C6=CC=CC=C6,Active,100,,,High,297,Class = 0
27,89650065,44142133,CN1C(=NN=N1)SC2=NC=NC3=C2C(=CS3)C4=CC(=CC=C4)C(F)(F)F,Active,100,,,High,296,Class = 0
28,170465515,2406,C1=C(C=C(C(=C1SC2=C(C(=CC(=C2)Cl)Cl)O)O)Cl)Cl,Active,100,,,High,288,Class = 0
29,124954123,5135723,COC1=C(C=C(C=C1)CCN2C=NC3=C(C2=N)C(=C(N3CC4=CC=CC=C4)C5=CC=CC=C5)C6=CC=CC=C6)OC,Active,100,,,High,287,Class = 0
30,124950513,46926596,COC1=C(C=C(C=C1)CCN2C=NC3=C(C2=N)C(=CN3CC4=CC=CC=C4)C5=CC=CC=C5)OC,Active,100,,,High,284,Class = 0
31,225144231,62977,CC=CC1=C(N2[C@@H]([C@@H](C2=O)NC(=O)[C@@H](C3=CC=C(C=C3)O)N)SC1)C(=O)O,Active,100,,,High,282,Class = 0
32,24390939,1800781,CC1=COC2=CC3=C(C=C12)C(=C(C(=O)O3)CCC(=O)NCCC4=CC=C(C=C4)OC)C,Active,100,,,High,279.25,Class = 0
33,124954140,51035456,COC1=CC=C(C=C1)CN2C(=C(C3=C2N=CN(C3=N)CCCCO)C4=CC=CC=C4)C5=CC=CC=C5,Active,100,,,High,279,Class = 0
34,124954141,51035466,COC1=CC=C(C=C1)CN2C(=C(C3=C2N=CN(C3=N)CCO)C4=CC=CC=C4)C5=CC=CC=C5,Active,100,,,High,279,Class = 0
35,163827054,46926062,C1CC2=C(C(N=C(N2)NC3=NC4=CC=CC=C4O3)C5=C(C=NN5)Cl)C(=O)C1,Active,100,,,High,275,Class = 0
36,124954136,51035467,COC1=CC=C(C=C1)CN2C(=C(C3=C2N=CN(C3=N)CC(OC)OC)C4=CC=CC=C4)C5=CC=CC=C5,Active,100,,,High,272,Class = 0
37,161004691,70789725,CCOC1=C(C=C(C=C1)CCNC(=O)C2=CC3=CC=CC=C3N2CC4=CC=CC(=N4)C)OCC,Active,100,,,High,271,Class = 0
38,57646254,25243739,CN1C2=C(C3=C1C(=O)N(N=C3)CC4=CC=CC=C4F)SC(=C2)C=O,Active,100,,,High,270,Class = 0
39,124954128,51035462,C1CC(OC1)CN2C=NC3=C(C2=N)C(=C(N3CCC4=CC=CC=C4)C5=CC=CC=C5)C6=CC=CC=C6,Active,100,,,High,269,Class = 0
40,90340615,3038495,COC1=CC=CC=C1N2CCN(CC2)CCCCNC(=O)C3=CC4=CC=CC=C4C=C3,Active,100,,,High,266,Class = 0
41,89650097,44142149,CN1C(=NN=N1)SC2=NC=NC3=C2C(=CS3)C4=CC=CC5=CC=CC=C54,Active,100,,,High,265,Class = 0
42,124951230,50985819,C1=CC=C(C=C1)CN2C(=C(C3=C2N=CN(C3=N)CCCCO)C4=CC=CC=C4)C5=CC=CC=C5,Active,100,,,High,259,Class = 0
43,137276024,11707110,CC1=C2C(=C(N(C1=O)C)NC3=C(C=C(C=C3)I)F)C(=O)N(C(=O)N2C4=CC=CC(=C4)NC(=O)C)C5CC5,Active,100,,,High,259,Class = 0
44,137275947,216467,CCOC1=C(C=C2C(=C1)N=CC(=C2NC3=CC(=C(C=C3)F)Cl)C#N)NC(=O)C=CCN(C)C,Active,100,,,High,256,Class = 0
45,24276518,5297522,CCOC(=O)C1=CC=C(C=C1)NC(=O)C2=C(C3=CC4=C(C5CCN4CC5)N=C3S2)N,Active,100,,,High,255,Class = 0
46,440681563,4543,CNCCC=C1C2=CC=CC=C2CCC3=CC=CC=C31,Active,100,,,High,253,Class = 0
47,89650087,44142142,CN1C(=NN=N1)SC2=NC=NC3=C2C(=CS3)C4=CC=CS4,Active,100,,,High,244,Class = 0
48,363680425,11965767,C[C@@H](C1=CC=CC=C1)SC2=NC3=C(C(=N2)N[C@H](CC(C)C)CO)SC(=N3)N,Active,100,,,High,244,Class = 0
49,375890161,134810628,C1=CC(=CC(=C1)F)C2=CN3C(=CN=C3C4=CC=C(C=C4)C(=O)N)C=N2,Active,100,,,High,242,Class = 0
50,89650086,44142141,CN1C(=NN=N1)SC2=NC=NC3=C2C(=CS3)C4=CC5=C(C=C4)OCO5,Active,100,,,High,240,Class = 0
51,124954117,51035458,COC(CN1C=NC2=C(C1=N)C(=C(N2CCC3=CC=CC=C3)C4=CC=CC=C4)C5=CC=CC=C5)OC,Active,100,,,High,236,Class = 0
52,174316137,25109986,CNC1CCC(CC1)N(CC2=CC(=C(C=C2)OC)C3=CC=C(C=C3)C#N)C(=O)C4=C(C5=CC=CC=C5S4)Cl,Active,100,,,High,234,Class = 0
53,124954122,51035470,C1CN(CCC1N2C=NC3=C(C2=N)C(=C(N3CC4=CC=CC=C4)C5=CC=CC=C5)C6=CC=CC=C6)CC7=CC=CC=C7,Active,100,,,High,233,Class = 0
54,124954134,51035478,COCCN1C=NC2=C(C1=N)C(=C(N2CC3=CC=C(C=C3)OC)C4=CC=CC=C4)C5=CC=CC=C5,Active,100,,,High,231,Class = 0
55,124951239,50985827,CCOC(CCCN1C=NC2=C(C1=N)C(=C(N2CC3=CC=CC=C3)C4=CC=CC=C4)C5=CC=CC=C5)OCC,Active,100,,,High,228,Class = 0
56,174007271,71304818,CC(C)CNC1=NC(=NC=C1)NCC2=CSC(=N2)C3=CC=CC=C3,Active,100,,,High,228,Class = 0
57,124951227,50985818,C1=CC=C(C=C1)CN2C=C(C3=C2N=CN(C3=N)CC4=CC=CO4)C5=CC=CC=C5,Active,100,,,High,226,Class = 0
58,440681334,11950170,CC(C)NC(=O)COC1=CC=CC(=C1)C2=NC3=CC=CC=C3C(=N2)NC4=CC5=C(C=C4)NN=C5,Active,100,,,High,226,Class = 0
59,89650058,44825270,CC1=CC(=CC=C1)C2=CSC3=C2C(=NC=N3)SC4=NN=NN4C,Active,100,,,High,225,Class = 0
60,124951229,3826961,C1=CC=C(C=C1)CN2C(=C(C3=C2N=CN(C3=N)CCO)C4=CC=CC=C4)C5=CC=CC=C5,Active,100,,,High,223,Class = 0
61,363680593,11414799,CC1=NC2=CC=CC=C2C(=N1)N(C)C3=CC=C(C=C3)OC,Active,100,,,High,220,Class = 0
62,89650060,44142130,CN1C(=NN=N1)SC2=NC=NC3=C2C(=CS3)C4=CC(=CC=C4)OC,Active,100,,,High,219,Class = 0
63,124954121,51035457,C1=CC=C(C=C1)CCN2C(=C(C3=C2N=CN(C3=N)CCCCO)C4=CC=CC=C4)C5=CC=CC=C5,Active,100,,,High,218,Class = 0
64,434146944,3559,C1CN(CCC1(C2=CC=C(C=C2)Cl)O)CCCC(=O)C3=CC=C(C=C3)F,Active,100,,,High,217,Class = 0
65,124950510,46926591,C1CC(CCC1N2C=NC3=C(C2=N)C(=CN3CC4=CC=CC=C4)C5=CC=CC=C5)O,Active,100,,,High,217,Class = 0
66,24383549,16007397,CC1=CC(=C(C=C1)OC)NC2=C3CCCC3=NC4=CC=CC=C42,Active,100,,,High,214.73,Class = 0
67,24266966,5302298,C1CN2CCC1C3=C2C=C4C(=C(SC4=N3)C(=O)NC5=CC(=C(C=C5)Cl)C(F)(F)F)N,Active,100,,,High,213,Class = 0
68,404904702,25066467,CC(C)(C)C1=NN(C(=C1)NC(=O)NC2=C(C=C(C=C2)OC3=CC(=NC=C3)C(=O)NC)F)C4=CC5=C(C=C4)N=CC=C5,Active,100,,,High,210,Class = 0
69,170465184,4477,C1=CC(=C(C=C1[N+](=O)[O-])Cl)NC(=O)C2=C(C=CC(=C2)Cl)O,Active,100,,,High,209,Class = 0
70,363678373,46208250,CC1=NC(=CC=C1)C#CC2=CC(=CC(=C2)F)C#N,Active,100,,,High,209,Class = 0
71,124950501,46926604,C1=CC=C(C=C1)C2=CN(C3=C2C(=N)N(C=N3)CCCCO)CC4=CC=C(C=C4)Br,Active,100,,,High,208,Class = 0
72,124954125,51035461,C1CC(OC1)CN2C=NC3=C(C2=N)C(=C(N3CC4=CC=CC=C4)C5=CC=CC=C5)C6=CC=CC=C6,Active,100,,,High,207,Class = 0
73,363680323,10200813,C1CN(CCC1CC2=CC=C(C=C2)F)C(=O)C(=O)NC3=CC4=C(C=C3)NC(=O)O4,Active,100,,,High,207,Class = 0
74,363680603,66553218,C1COCCC1(CNC(=O)C2=C(N=CC=C2)SC3=CC=CC=C3)N4CCN(CC4)C5=CC=CC=C5,Active,100,,,High,207,Class = 0
75,124954133,51035460,COC1=CC=C(C=C1)CN2C(=C(C3=C2N=CN(C3=N)CCCCCO)C4=CC=CC=C4)C5=CC=CC=C5,Active,100,,,High,206,Class = 0
76,363680368,53307604,CC1=C(C(=NO1)C2=C(C=CC=C2Cl)Cl)CC(=O)NCC3=CN=C(C=C3)OCC(F)(F)F,Active,100,,,High,204,Class = 0
77,124951231,50985815,C1=CC=C(C=C1)CN2C(=C(C3=C2N=CN(C3=N)CCCCCO)C4=CC=CC=C4)C5=CC=CC=C5,Active,100,,,High,203,Class = 0
78,363680624,11703589,CC[C@@H](C1=CC(=C(C=C1)F)F)N2C(=C(NC2=S)C3=CC=NO3)C(=O)OC,Active,100,,,High,195,Class = 0
79,363677990,46836562,C1CC2=C(C=NN2)C3=C(C1)SC(=N3)NC4=CC=CC=N4,Active,100,,,High,194,Class = 0
80,384568531,71307851,CC1=CC=C(C=C1)N2C(=CC(=C2C)C3=NN=C4N3CCCCC4)C,Active,100,,,High,192,Class = 0
81,144204176,115162,CC1([C@@H](N2[C@H](S1)[C@@H](C2=O)N=CN3CCCCCC3)C(=O)OCOC(=O)C(C)(C)C)C.Cl,Active,100,,,High,189,Class = 0
82,124954119,51035459,COC(CN1C=NC2=C(C1=N)C(=C(N2CC3=CC=CC=C3)C4=CC=CC=C4)C5=CC=CC=C5)OC,Active,100,,,High,189,Class = 0
83,24412589,7267405,CCC(=O)C1=C(N(N2C=NN=C2S1)C(=O)CC)C3=CC=C(C=C3)F,Active,100,,,High,188.6,Class = 0
84,472319467,5281794,CCCCC/C=C/C(=O)CCC1=CC(=C(C=C1)O)OC,Active,100,,,High,187,Class = 0
85,124954115,51035463,C1=CC=C(C=C1)CCN2C(=C(C3=C2N=CN(C3=N)CCCCCO)C4=CC=CC=C4)C5=CC=CC=C5,Active,100,,,High,183,Class = 0
86,363680384,9804984,CCCCOC(=O)NS(=O)(=O)C1=C(C=C(S1)CC(C)C)C2=CC=C(C=C2)CN3C=CN=C3,Active,100,,,High,180,Class = 0
87,26755657,16759591,CC(C)(C)[C@@]1(CCN2C[C@H]3C4=CC=CC=C4CCC5=C3C(=CC=C5)C2C1)O,Active,100,,,High,179,Class = 0
88,375871810,56715543,C1CC(CN(C1)C2=NC(=NC3=C2CCC3)C4=CC=CC=C4)C(=O)N5CCC(CC5)N,Active,100,,,High,179,Class = 0
89,124951232,50985823,COCCN1C=NC2=C(C1=N)C(=C(N2CC3=CC=CC=C3)C4=CC=CC=C4)C5=CC=CC=C5,Active,100,,,High,174,Class = 0
90,89650088,44142143,CN1C(=NN=N1)SC2=NC=NC3=C2C(=CS3)C4=CSC=C4,Active,100,,,High,173,Class = 0
91,170466033,159271,CC1=NC(=C(O1)C2=CC(=C(C=C2)S(=O)(=O)N)F)C3CCCCC3,Active,100,,,High,172,Class = 0
92,144204508,9952220,C[C@H]1[C@H](CCN1CC2=CC=CC=C2)NC(=O)C3=CC(=C(C=C3OC)NC)Cl,Active,100,,,High,171.72,Class = 0
93,363681344,52919826,C[C@@H](CN1C=CC(=N1)C2=CC(=C(C=C2)C#N)Cl)NC(=O)C3=CC(=NN3)C(=O)C,Active,100,,,High,164,Class = 0
94,377706763,16740417,C1=CC2=C(N=C1)N=C(O2)C3=C(C=CC(=C3)NC(=O)C4=C(C=C(C=C4)C#N)F)Cl,Active,100,,,High,160.4,Class = 0
95,24401675,135410423,CC1=CC(=CC=C1)NC(=O)C2=C3NC(=C(C(N3N=C2)C4=CC=CC=C4Cl)C(=O)NC5=CC=CC=C5OC)C,Active,100,,,High,160,Class = 0
96,124954139,51035469,COC1=CC=C(C=C1)CN2C(=C(C3=C2N=CN(C3=N)N4CCOCC4)C5=CC=CC=C5)C6=CC=CC=C6,Active,100,,,High,160,Class = 0
97,89650069,31055126,CN1C(=NN=N1)SC2=NC=NC3=C2C(=CS3)C4=CC=C(C=C4)Br,Active,100,,,High,159,Class = 0
98,11113771,6604775,C1CC1CN2CC[C@]34[C@H]5C(=O)/C(=C\C6=CC=CC=C6)/C[C@]3([C@H]2CC7=C4C(=C(C=C7)O)O5)O,Active,100,,,High,158.22,Class = 0
99,170464626,3016,CN1C(=O)CN=C(C2=C1C=CC(=C2)Cl)C3=CC=CC=C3,Active,100,,,High,158,Class = 0
100,404904703,49836027,CCC(=O)N1CCN(CC1)C2=C(C=C(C=C2)N3C(=O)C=CC4=CN=C5C=CC(=CC5=C43)C6=CC7=CC=CC=C7N=C6)C(F)(F)F,Active,100,,,High,158,Class = 0
101,11111204,6603853,CC(C)(C1=CC=C(C=C1)[C@H](CCCN2CCC(CC2)C(C3=CC=CC=C3)(C4=CC=CC=C4)O)O)C(=O)O,Active,100,,,High,155.49,Class = 0
102,124950502,46926608,C1CN(CCN1CCCN2C=NC3=C(C2=N)C(=CN3CC4=CC=C(C=C4)Br)C5=CC=CC=C5)C6=CC=CC=C6,Active,100,,,High,151,Class = 0
103,384568516,50985821,C1CC(CCC1N2C=NC3=C(C2=N)C(=C(N3CC4=CC=CC=C4)C5=CC=CC=C5)C6=CC=CC=C6)O,Active,100,,,High,150,Class = 0
104,363680586,11998180,C1=CC(=CC(=C1)C2=NC(=NO2)C3=CN=CC=C3)C#N,Active,100,,,High,150,Class = 0
105,124954126,51035473,CN(C)CCN1C=NC2=C(C1=N)C(=C(N2CCC3=CC=CC=C3)C4=CC=CC=C4)C5=CC=CC=C5,Active,100,,,High,148,Class = 0
106,405559030,9883933,CC(C)C(=O)OC(C)OC(=O)NCC1(CCCCC1)CC(=O)O,Active,100,,,High,143,Class = 0
107,24417129,5300038,C1CN2CCC1C3=C2C=C4C(=C(SC4=N3)C(=O)NC5=CC=CC(=C5)C#N)N,Active,100,,,High,142,Class = 0
108,124950521,46926593,COCCN1C=NC2=C(C1=N)C(=CN2CC3=CC=CC=C3)C4=CC=CC=C4,Active,100,,,High,139,Class = 0
109,104224757,49853368,CC1=CC(=NC(=C1)NC(=S)N2CCN(CC2)C3=NC=C(C=C3)C(F)(F)F)C,Active,100,,,High,136.67,Class = 0
110,89650071,44825272,CN1C(=NN=N1)SC2=NC=NC3=C2C(=CS3)C4=CC(=CC=C4)Cl,Active,100,,,High,134,Class = 0
111,384569109,72547959,C1CN(CCC1C2=CC(=NC(=C2)N3CCC(C3)(F)F)NC4=NC=CC(=C4)C#N)C5COC5,Active,100,,,High,133,Class = 0
112,384569234,25027363,C[C@H]1C[C@@H]2[C@H]([C@H]([C@]3(O2)CC[C@H]4[C@@H]5CC[C@@H]6C[C@@H](CC[C@@]6([C@H]5CC4=C(C3)C)C)NS(=O)(=O)C)C)NC1,Active,100,,,High,132,Class = 0
113,17389837,460612,C1=CC(=CC=C1C[C@@H](C(=O)O)N)N(CCCl)CCCl,Active,100,,,High,131.35,Class = 0
114,124950514,46926600,C1=CC=C(C=C1)CN2C=C(C3=C2N=CN(C3=N)CCN)C4=CC=CC=C4,Active,100,,,High,131,Class = 0
115,363680317,134342,C1CN(CCC2=C1N=C(S2)N)CC3=CC=C(C=C3)Cl,Active,100,,,High,127,Class = 0
116,89650091,44142146,CN1C(=NN=N1)SC2=NC=NC3=C2C(=CS3)C4=CC=CN4,Active,100,,,High,126,Class = 0
117,312345313,71413,CCN(CC)CCCN(C1CC2=CC=CC=C2C1)C3=CC=CC=C3.Cl,Active,100,,,High,125,Class = 0
118,160844121,70701462,CNC1=C(N=C(O1)C2=C(C(=CC=C2)Cl)Cl)C#N,Active,100,,,High,124,Class = 0
119,384568520,25210273,CCNC(=O)C1=CC2=C(N=C(N=C2S1)N)C3=CC(=C(C=C3Cl)Cl)OCCN4CCCC4,Active,100,,,High,123,Class = 0
120,363680004,71694446,C/C/1=C\CC[C@]2([C@@H](O2)C(=O)C3=C(C1)OC=C3C)C,Active,100,,,High,122,Class = 0
121,384569384,117817448,C[C@H](C(F)(F)F)NC1=NC(=NC(=N1)C2=NC(=CC=C2)Cl)N[C@@H](C)C(F)(F)F,Active,100,,,High,122,Class = 0
122,11110929,2703,C[N+]1=C2C(=C3C=CC(=C(C3=C1)OC)OC)C=CC4=CC5=C(C=C42)OCO5,Active,100,,,High,121.35,Class = 0
123,363677954,6433122,C1CN(CCN1CCC2=CC=C(C=C2)F)C(=O)C3=CC=CC4=C3NC=C4C#N,Active,100,,,High,121,Class = 0
124,363680194,71496742,C1C(CN1C(=O)/C=C\N2C=NC(=N2)C3=CC(=CC(=C3)C(F)(F)F)C(F)(F)F)(F)F,Active,100,,,High,121,Class = 0
125,405558492,24868265,CCC(=O)O[C@H](C(C)C)OP(=O)(CCCCC1=CC=CC=C1)CC(=O)N2C[C@@H](C[C@H]2C(=O)[O-])C3CCCCC3,Active,100,,,High,118,Class = 0
126,124954168,135539077,CCNC(=O)C1=NOC(=C1C2=CC=C(C=C2)CN3CCOCC3)C4=CC(=C(C=C4O)O)C(C)C,Active,100,,,High,117,Class = 0
127,124954116,51035455,COCCN1C=NC2=C(C1=N)C(=C(N2CCC3=CC=CC=C3)C4=CC=CC=C4)C5=CC=CC=C5,Active,100,,,High,116,Class = 0
128,363677913,25141190,COC1=C(C=C2C(=C1)C(=NC(=N2)N3CCC(CC3)N4CCCCC4)NC5CCCCCC5)OC,Active,100,,,High,116,Class = 0
129,24273658,4672172,CC1=CC(=NC=C1)NC(C2=CC(=CC=C2)O)C3=C(C4=C(C=CC(=N4)C)C=C3)O,Active,100,,,High,115.25,Class = 0
130,144213727,132932,COC1=CC=C(C=C1)N2C(=CC(=N2)C(F)F)C3=CC=C(C=C3)S(=O)C,Active,100,,,High,115,Class = 0
131,170464958,3658,C1CN(CCN1CCOCCO)C(C2=CC=CC=C2)C3=CC=C(C=C3)Cl,Active,100,,,High,114,Class = 0
132,124950504,46926594,C1=CC=C(C=C1)CN2C=C(C3=C2N=CN(C3=N)CCO)C4=CC=CC=C4,Active,100,,,High,113,Class = 0
133,377020371,25141092,CN1CCN(CC1)C2=CC(=C(C=C2)C(=O)NC3=NNC4=C3C=C(C=C4)CC5=CC(=CC(=C5)F)F)NC6CCOCC6,Active,100,,,High,113,Class = 0
134,363680385,9832687,CCOC1=CC=C(C=C1)C2=NN3C(=C2C4=CC=C(C=C4)S(=O)(=O)C)C=CC=N3,Active,100,,,High,111,Class = 0
135,124950509,46926589,C1=CC=C(C=C1)CN2C=C(C3=C2N=CN(C3=N)CCCCO)C4=CC=CC=C4,Active,100,,,High,110,Class = 0
136,144205910,2728761,C1=CC=C(C=C1)CNCCNCC2=CC=CC=C2.Cl.Cl,Active,100,,,High,107,Class = 0
137,363678349,9840849,C1CN(CCC1CC2=CC=CC=C2F)CC3=NC4=C(N3)C=C(C=C4)O,Active,100,,,High,107,Class = 0
138,363678011,11682007,C1CCCC(CC1)NC2=C3C=C(SC3=NC=N2)CNC[C@H]4CCCO4,Active,100,,,High,105,Class = 0
139,384568987,24883277,CC(C)C1=CC(=C(C=C1OC2=CN=C(N=C2N)NC(CO)CO)I)OC,Active,100,,,High,103,Class = 0
140,124950518,46926590,C1CC[C@H]([C@@H](C1)N)N2C=NC3=C(C2=N)C(=CN3CC4=CC=CC=C4)C5=CC=CC=C5,Active,100,,,High,101,Class = 0
141,384568473,10074640,CC1=C(C=C(C=C1)NC(=O)C2=CC=C(C=C2)CN3CCN(CC3)C)NC4=NC(=CS4)C5=CN=CC=C5,Active,100,,,High,100,Class = 0
142,440681525,11154555,CN(C)C(=O)NC1CCC(CC1)CCN2CCN(CC2)C3=C(C(=CC=C3)Cl)Cl,Active,100,,,High,100,Class = 0
143,384569431,56949412,COC1=CC2=C(C=C1)OCC(=C2C3=CC=C(C=C3)F)CN4CCCC4,Active,100,,,High,100,Class = 0
144,24389476,4914412,CC1=CC=C(C=C1)CN2C3=C(C=C(C=C3C)Br)C(=O)C2=O,Active,98,,,High,98.49,Class = 0
145,440681426,151171,CC1=NC2=C(N1)CCN(C3=CC=CC=C32)C(=O)C4=CC=C(C=C4)NC(=O)C5=CC=CC=C5C6=CC=CC=C6,Active,98,,,High,98,Class = 0
146,375889090,134809557,COCCNC(=O)C1=CC=C(C=C1)C2=NC=C3N2C=C(N=C3)C4=CC(=CC=C4)F,Active,95,,,High,95,Class = 0
147,174006587,5311510,C1=CC(=CC(=C1)C(=O)N)C2=CC(=NC=N2)NC3=CC=C(C=C3)OC(F)(F)F,Active,94,,,High,94.38,Class = 0
148,375884743,134805212,C1=CC(=CC(=C1)F)C2=CN3C(=CN=C3C4=CC=C(C=C4)C(=O)NCC5=NC=CN=C5)C=N2,Active,94,,,High,94,Class = 0
149,89650077,44142139,CN1C(=NN=N1)SC2=NC=NC3=C2C(=CS3)C4=CC=C(C=C4)[N+](=O)[O-],Active,93,,,High,93,Class = 0
150,405558838,5502,CCC1C(=NN=C(C2=CC(=C(C=C12)OC)OC)C3=CC(=C(C=C3)OC)OC)C,Active,91,,,High,91,Class = 0
151,124951238,50985828,C1=CC=C(C=C1)CN2C(=C(C3=C2N=CN(C3=N)CCNC4=CC=NC=C4)C5=CC=CC=C5)C6=CC=CC=C6,Active,90,,,High,90,Class = 0
152,375886971,134807439,CN(C)CCN(C)C(=O)C1=CC=C(C=C1)C2=NC=C3N2C=C(N=C3)C4=CC(=CC=C4)F,Active,90,,,High,90,Class = 0
153,363681119,73051434,CC1=CC2=C(C=CC=C2N1C3=NC4=C(COCC4)C(=N3)NCC5=CC=CC=C5)C(=O)N,Active,90,,,High,90,Class = 0
154,124950508,46926605,C1=CC=C(C=C1)CN2C=C(C3=C2N=CN(C3=N)CCCCCO)C4=CC=CC=C4,Active,89,,,High,89,Class = 0
155,124880272,1220,CCCN(CCC)C1CCC2=C(C1)C(=CC=C2)O,Active,88,,,High,88,Class = 0
156,170466340,213037,C1COCCN1S(=O)(=O)C2=CC=C(C=C2)NC(=O)C3=C(C=CC(=C3)Cl)NS(=O)(=O)C4=CC=C(S4)Cl,Active,85,,,High,85,Class = 0
157,144204295,23675320,CC1=C(C(=NO1)C2=CC=CC=C2Cl)C(=O)N[C@H]3[C@@H]4N(C3=O)[C@H](C(S4)(C)C)C(=O)[O-].[Na+],Active,84,,,High,84,Class = 0
158,170466044,216265,CC(C)C(=O)OCC1=CC(=CC=C1)OC(=O)[C@H]2C(S[C@H]3N2C(=O)[C@H]3NC(=O)CC4=CC=CC=C4)(C)C,Active,84,,,High,84,Class = 0
159,170465615,9577124,CC[C@@]1(C2=C(COC1=O)C(=O)N3CC4=C(C5=CC=CC=C5N=C4C3=C2)/C=N/OC(C)(C)C)O,Active,81,,,High,81,Class = 0
160,174006328,135564985,CC(C)C1=C(C=C(C(=C1)C2=NNC(=O)N2C3=CC4=C(C=C3)N(C=C4)C)O)O,Active,80,,,High,79.5,Class = 0
161,363680541,18003010,CN(CCOC)CC1=CC2=C(C=C1)N=C3N2C=C(S3)C(=O)N(C)C4CCCCC4,Active,79,,,High,79,Class = 0
162,124954111,51035480,C1=CC=C(C=C1)CN2C(=C(C3=C2N=CN(C3=N)CCN)C4=CC=CC=C4)C5=CC=CC=C5,Active,78,,,High,78,Class = 0
163,384569275,11848206,C1CN(CCC12CCN(CC2)C(=O)C3=CC(=CC=C3)N4CC5=C(C4=O)C(=CC=C5)Cl)C6=CC=NC=C6,Active,78,,,High,78,Class = 0
164,405559129,213053,COC1=C(C=C(C=C1)C2=C(N=CN2C3=CC=C(C=C3)S(=O)(=O)N)Cl)F,Active,78,,,High,78,Class = 0
165,363679439,10544728,C[C@H]1[C@@H](CCC2=CC(=O)C(=C(C)C)C[C@]12C)OC(=O)/C=C/SC,Active,77,,,High,77,Class = 0
166,89650073,44825274,CN1C(=NN=N1)SC2=NC=NC3=C2C(=CS3)C4=CC=CC(=C4)C#N,Active,76,,,High,76,Class = 0
167,124954112,51035474,CN(C)CCN1C=NC2=C(C1=N)C(=C(N2CC3=CC=CC=C3)C4=CC=CC=C4)C5=CC=CC=C5,Active,76,,,High,76,Class = 0
168,363681403,16663089,CC1=CC=C(C=C1)C2=C(N(C3=NC=NC(=C23)N)CCCO)C(=O)CCl,Active,76,,,High,76,Class = 0
169,225144371,6337211,C[C@]12CCCCC[C@H]([C@H]1N)CC3=C2C=C(C=C3)O,Active,74,,,High,74,Class = 0
170,174007118,148195,C1CN(CCC1CC(=O)N2CCC(CC2)[C@@H]3C4=C(CCC5=C3N=CC(=C5)Br)C=C(C=C4Br)Cl)C(=O)N,Active,73,,,High,73.48,Class = 0
171,124892437,6505803,C[C@H]1C[C@@H]([C@@H]([C@H](/C=C(/[C@@H]([C@H](/C=C\C=C(\C(=O)NC2=CC(=O)C(=C(C1)C2=O)NCC=C)/C)OC)OC(=O)N)\C)C)O)OC,Active,73,,,High,73,Class = 0
172,89650082,44825281,CC(C)(C)OC(=O)C1=CC=C(C=C1)C2=CSC3=C2C(=NC=N3)SC4=NN=NN4C,Active,72,,,High,72,Class = 0
173,124954114,51035453,C1=CC=C(C=C1)CCN2C(=C(C3=C2N=CN(C3=N)CCCO)C4=CC=CC=C4)C5=CC=CC=C5,Active,66,,,High,66,Class = 0
174,89650074,44142138,CN1C(=NN=N1)SC2=NC=NC3=C2C(=CS3)C4=CC=C(C=C4)C#N,Active,63,,,High,63,Class = 0
175,384569146,9863341,C/C(=C\C(=O)O)/C=C/[C@@H]1C[C@]1(C)C2=CC3=C(C=C2)C(CCC3(C)C)(C)C,Active,63,,,High,63,Class = 0
176,24384346,16008164,CCN1CCN(CC1)C(=O)C2=CC3=C(C=C2)S(=O)(=O)C4=CC=CC=C4C(=O)N3CC5=C(C=CC(=C5)C)C,Active,63,,,High,62.98,Class = 0
177,363680553,10149311,C1=CC(=C(C=C1C(=O)NC2=CN=C(N=C2)Cl)F)F,Active,61,,,High,61,Class = 0
178,405558505,120108,C1CCC(CC1)C2=C(C=C3C(CCC3=C2)C(=O)O)Cl,Active,61,,,High,61,Class = 0
179,384569425,118869362,C[C@@H]1COCCN1C2=NC3=C(C=CN=C3C4=CC=NN4)C(=C2)C5=CC=NN5C,Active,60,,,High,60.13,Class = 0
180,363677899,9796408,C1CN(CCN1)C2=NC(=C(C=C2)C(F)(F)F)Cl,Active,60,,,High,60,Class = 0
181,375885082,134805551,C1CC(CCC1NC(=O)C2=CC=C(C=C2)C3=NC=C4N3C=C(N=C4)C5=CC(=CC=C5)F)O,Active,59,,,High,59,Class = 0
182,375853715,91908438,CC1=CC=CC=C1CN2CCN3C(=NN(C3=O)CC4COC5=CC=CC=C5O4)C2=O,Active,58,,,High,57.72,Class = 0
183,363677334,5311194,CCN1C2=CC=CC=C2N(C1=O)[C@@H]3CCN(C[C@H]3CO)CC4CCCCCCC4,Active,57,,,High,57,Class = 0
184,170465289,6456015,CCN(CC)CCNC(=O)C1=C(NC(=C1C)/C=C\2/C3=C(C=CC(=C3)F)NC2=O)C.C([C@@H](C(=O)O)O)C(=O)O,Active,56,,,High,56,Class = 0
185,144204085,19003,CC1([C@@H](N2[C@H](S1)[C@@H](C2=O)NC(=O)C3(CCCCC3)N)C(=O)O)C,Active,54,,,High,54,Class = 0
186,363679711,45359913,C[C@@H]1C[C@@H]([C@]2([C@@H](O1)O[C@@H]3CC4CC[C@@H]5C([C@]4(C[C@H]3O2)C=O)CC[C@]6([C@@]5(CC[C@@H]6C7=CC(=O)OC7)O)C)O)OC(=O)C,Active,54,,,High,54,Class = 0
187,377020289,53328059,CSC1=NC(=CC(=N1)OC2=CC=C(C=C2)C3=NC(=NN3)NC4=CC=CC(=C4)C(F)(F)F)N,Active,54,,,High,53.82,Class = 0
188,144203568,66064,CN1CCN(CC1)CCCN2C3=CC=CC=C3SC4=C2C=C(C=C4)C(F)(F)F.Cl.Cl,Active,53,,,High,53,Class = 0
189,170466085,2725002,CCN(CC)CCCC(C)NC1=C2C=C(C=CC2=NC3=C1C=CC(=C3)Cl)OC.O.O.Cl.Cl,Active,51,,,High,51,Class = 0
190,26757998,92727,CC1=C(C(=CC=C1)C)OCC(=O)N[C@@H](CC2=CC=CC=C2)[C@H](C[C@H](CC3=CC=CC=C3)NC(=O)[C@H](C(C)C)N4CCCNC4=O)O,Active,50,,,High,49.66,Class = 0
191,57646256,25243741,CN1C2=C(C3=C1C(=O)N(N=C3)CC4=CC=CC=C4F)SC(=C2)S(=O)C,Active,49,,,High,49,Class = 0
192,363678189,11289644,CC(C)C1=CC(=C(C=C1CC2=CN=C(N=C2N)N)OC)OC,Active,48,,,High,48,Class = 0
193,363680581,9882189,CN(C)CC1CCOC1(C2=CC=CC=C2)C3=CC=CC=C3,Active,47,,,High,47,Class = 0
194,375888127,134808595,C1=CC(=CC(=C1)F)C2=CN3C(=CN=C3C4=CC=C(C=C4)C(=O)NCCCO)C=N2,Active,46,,,High,46,Class = 0
195,384569527,44623998,C1CCC(C1)C2=C(C=C(C=C2)COC3=CC4=C(C=C3)NC5=C4CC[C@@H]5CC(=O)O)C(F)(F)F,Active,46,,,High,46,Class = 0
196,24401679,135410425,CCOC1=CC=C(C=C1)C2C(=C(NC3=C(C=NN23)C(=O)NC4=CC=CC(=C4)C)C)C(=O)NC5=CC=CC=C5OC,Active,45,,,High,45,Class = 0
197,144206292,60196305,C1C[C@H]([C@@H](NC1)CC(=O)CN2C=NC3=CC(=C(C=C3C2=O)Cl)Br)O.Cl,Active,43,,,High,43,Class = 0
198,377020427,52913874,CC1=NC=CC(=C1)C2=NC(=CO2)C(=O)NC3=CN(N=C3C(=O)N)C4CCOCC4,Active,43,,,High,43,Class = 0
199,11111069,1775,C1=CC=C(C=C1)C2(C(=O)NC(=O)N2)C3=CC=CC=C3,Active,42,,,High,42,Class = 0
200,144203693,3396,C1CN(CCC12C(=O)NCN2C3=CC=CC=C3)CCCC(C4=CC=C(C=C4)F)C5=CC=C(C=C5)F,Active,42,,,High,42,Class = 0
201,384569086,10138259,CC1=C(NC(=C1C(=O)NC[C@@H](CN2CCOCC2)O)C)/C=C\3/C4=C(C=CC(=C4)F)NC3=O,Active,42,,,High,42,Class = 0
202,363680559,44540282,C1COCCC1N2C(C3=CC=CC=C3C2=O)C(=O)NCC4=CC=C(C=C4)OC(F)(F)F,Active,42,,,High,42,Class = 0
203,384568963,9955116,C[N+](C)(CCNC1=C2C(=C(C=C1)NCC[N+](C)(C)[O-])C(=O)C3=C(C=CC(=C3C2=O)O)O)[O-],Active,40,,,Moderate,40,Class = 0
204,144206777,55361,C(CCCN=C(N)N)CCC(=O)NC(C(=O)NCCCCNCCCN)O.Cl.Cl.Cl,Active,38,,,Moderate,38,Class = 0
205,172113101,44312236,C1=COC(=C1)C(=O)C2=CC\3=C(C=C2)NC(=O)/C3=C\C4=CC(=C(C(=C4)Cl)O)Cl,Active,38,,,Moderate,38,Class = 0
206,144206633,50491,CC1(C(N2C(S1(=O)=O)CC2=O)C(=O)OCOC(=O)C(C)(C)C)C,Active,37,,,Moderate,37,Class = 0
207,170465046,2723598,C1=CC=C2C(=C1)C(=C3C=CC=CC3=N2)N.O.Cl,Active,36,,,Moderate,36,Class = 0
208,375887537,134808005,C1CC(CCC1NC(=O)C2=CC=C(C=C2)C3=NC=C4N3C=C(N=C4)C5=CC=CC=C5)O,Active,35,,,Moderate,35,Class = 0
209,144203807,5095,CCCN(CCC)CCC1=C2CC(=O)NC2=CC=C1,Active,34,,,Moderate,34,Class = 0
210,377020338,86660217,C[C@@H]1COCCN1C2=NC(=NC(=C2)C3(CC3)S(=N)(=O)C)C4=C5C=CNC5=NC=C4,Active,33,,,Moderate,33,Class = 0
211,174006705,50922691,CCN1C(=CC2=C3C(=C(N=C21)NC4=NN(C(=C4)C)C)N=CN3C)C(=O)N(C5CC5)C6CC6,Active,31,,,Moderate,31,Class = 0
212,375890180,134810647,C1CC(=O)N(C1)CCCNC(=O)C2=CC=C(C=C2)C3=NC=C4N3C=C(N=C4)C5=CC=CC=C5,Active,31,,,Moderate,31,Class = 0
213,476299697,5311497,CCC1=C[C@H]2C[C@@](C3=C(CN(C2)C1)C4=CC=CC=C4N3)(C5=C(C=C6C(=C5)[C@]78CCN9[C@H]7[C@@](C=CC9)([C@H]([C@@]([C@@H]8N6C)(C(=O)OC)O)OC(=O)C)CC)OC)C(=O)OC,Active,30,,,Moderate,30,Class = 0
214,363677886,25109291,C1CC[C@H]2[C@@H](C1)C3=C(O2)CCC4=C3N=C(N=C4N5CCNCC5)N,Active,30,,,Moderate,30,Class = 0
215,24417119,5299256,CC1=CC(=CC=C1)N2C(=NN=N2)S(=O)(=O)C,Active,28,,,Moderate,28.27,Class = 0
216,144203605,23667629,CC1=C(C(=NO1)C2=C(C=CC=C2Cl)F)C(=O)N[C@H]3[C@@H]4N(C3=O)[C@H](C(S4)(C)C)C(=O)[O-].[Na+],Active,28,,,Moderate,28,Class = 0
217,144206025,21102,CC(=O)NC1=CC=C(C=C1)OC(=O)C2=CC=CC=C2OC(=O)C,Active,27,,,Moderate,27,Class = 0
218,124954132,51035476,COC(=O)C1=CC=CC(=C1)CN2C=NC3=C(C2=N)C(=C(N3CCC4=CC=CC=C4)C5=CC=CC=C5)C6=CC=CC=C6,Active,27,,,Moderate,27,Class = 0
219,375888478,134808946,C1C(CN1C(=O)C2=CC=C(C=C2)C3=NC=C4N3C=C(N=C4)C5=CC(=CC=C5)F)O,Active,27,,,Moderate,27,Class = 0
220,124880275,1219,CCCN(CCC)C1CCC2=C(C1)C=C(C=C2)O,Active,26,,,Moderate,26,Class = 0
221,405558819,4463,CC1=C2C(=NC=C1)N(C3=C(C=CC=N3)C(=O)N2)C4CC4,Active,26,,,Moderate,26,Class = 0
222,24401705,135410430,CCC1=CC=C(C=C1)C2C(=C(NC3=C(C=NN23)C(=O)NC4=CC=C(C=C4)C)C)C(=O)NC5=CC=CC=C5OC,Active,26,,,Moderate,26,Class = 0
223,124950511,46926606,COC(=O)C[C@@H](C(=O)OC)N1C=NC2=C(C1=N)C(=CN2CC3=CC=CC=C3)C4=CC=CC=C4,Active,26,,,Moderate,26,Class = 0
224,384569249,11488110,C[C@@H](C(F)(F)F)NC1=C(C(=NC2=NC=NN12)Cl)C3=C(C=C(C=C3F)OCCCNC)F,Active,26,,,Moderate,26,Class = 0
225,144204290,23675317,CC(C(=O)N[C@H]1[C@@H]2N(C1=O)[C@H](C(S2)(C)C)C(=O)[O-])OC3=CC=CC=C3.[K+],Active,25,,,Moderate,25,Class = 0
226,363680393,10229498,C1=CC=C2C(=C1)C=C(C=N2)OC3=C(C=C(C=C3Cl)NS(=O)(=O)C4=C(C=C(C=C4)Cl)Cl)Cl,Active,24,,,Moderate,24,Class = 0
227,404904666,24360,CC[C@@]1(C2=C(COC1=O)C(=O)N3CC4=CC5=CC=CC=C5N=C4C3=C2)O,Active,23,,,Moderate,23,Class = 0
228,375885777,134806245,C1=CC=C(C=C1)C2=CN3C(=CN=C3C4=CC=C(C=C4)C(=O)NCCCN5C=CN=C5)C=N2,Active,23,,,Moderate,23,Class = 0
229,124950516,46926587,C1=CC=C(C=C1)C[C@@H](CO)N2C=NC3=C(C2=N)C(=CN3CC4=CC=CC=C4)C5=CC=CC=C5,Active,22,,,Moderate,22,Class = 0
230,384569416,135565554,C[C@]12CCCN1CC3=NNC(=O)C4=C5C3=C2NC5=CC(=C4)F,Active,22,,,Moderate,22,Class = 0
231,174007063,24772860,CC1(CC2=C(C(=O)C1)C(=NN2C3=CC(=C(C=C3)C(=O)N)NC4CCC(CC4)O)C(F)(F)F)C,Active,22,,,Moderate,21.5,Class = 0
232,363681172,153948,C1C(=O)NC(=O)[C@@]12C(=O)N(C(=O)C3=CC=CN23)CC4=C(C=C(C=C4)Br)F,Active,21,,,Moderate,21,Class = 0
233,174006180,56965963,CC1=CC=C(C=C1)C2=C(N(C3=NC=NC(=C23)N)CCCNCCOC)C(=O)CF,Active,20,,,Moderate,20,Class = 0
234,384569163,44156921,CC(C)(C)CNCCN1C2=C(C(=NC=C2)N)N=C1SC3=CC4=C(C=C3N(C)C)OCO4,Active,20,,,Moderate,20,Class = 0
235,375890158,134810625,C1CS(=O)(=O)CCN1C(=O)C2=CC=C(C=C2)C3=NC=C4N3C=C(N=C4)C5=CC=CC=C5,Active,20,,,Moderate,20,Class = 0
236,174006430,10288191,CN1C=NC2=C1C=C(C(=C2F)NC3=C(C=C(C=C3)Br)F)C(=O)NOCCO,Active,19,,,Moderate,19.3,Class = 0
237,434146945,4212,C1=CC(=C2C(=C1NCCNCCO)C(=O)C3=C(C=CC(=C3C2=O)O)O)NCCNCCO,Active,19,,,Moderate,19,Class = 0
238,170465392,60795,C1CC(=O)NC2=C1C=CC(=C2)OCCCCN3CCN(CC3)C4=C(C(=CC=C4)Cl)Cl,Active,19,,,Moderate,19,Class = 0
239,440681375,142581496,CC1(CCN(CC1)C2=C3C=C(C=CC3=NC=C2C(=O)N4CCN(CC4)S(=O)(=O)C)F)C#N,Active,19,,,Moderate,19,Class = 0
240,384569278,9869737,CC1=C(C=C(C=C1)NC(=O)C2=CC=C(C=C2)CN3CCNCC3)NC4=NC=CC(=N4)C5=CN=CC=C5,Active,19,,,Moderate,19,Class = 0
241,144204999,5282242,C1C=C(N2[C@H](S1)[C@@H](C2=O)NC(=O)/C(=C\CC(=O)O)/C3=CSC(=N3)N)C(=O)O,Active,18,,,Moderate,18,Class = 0
242,363680373,644243,CC1=CC=C(C=C1)C2=C(N(C3=NC=NC(=C23)N)CCCO)C(=O)CF,Active,18,,,Moderate,18,Class = 0
243,24268804,15988620,CC1=CC(=CC(=C1)NC(=O)C2=C(N(N=N2)CC3=C(OC(=N3)C4=CC(=C(C(=C4)OC)OC)OC)C)C)C,Active,17,,,Moderate,17,Class = 0
244,174006193,9892071,C[C@@H]1[C@@H]2[C@H](C(=O)N2C(=C1SC3CN(C3)C4=NCCS4)C(=O)OCOC(=O)C(C)(C)C)[C@@H](C)O,Active,17,,,Moderate,17,Class = 0
245,377020156,132127,CCN(CC)CCNC1=C2C3=C(C=C1)N=CN3C4=C(C2=O)C=C(C=C4)O,Active,17,,,Moderate,17,Class = 0
246,26755798,6870,CC(=O)NC1=C2C(=CSS2)N(C1=O)C,Active,16,,,Moderate,16,Class = 0
247,405558917,124349269,CC(C)(C(=O)N[C@@H](COCC1=CC=CC=C1)C(=O)N2CCC3=NN(C(=O)[C@]3(C2)CC4=CC=CC=C4)C)N,Active,15,,,Moderate,15,Class = 0
248,363681440,25025298,CC1=NN(C=C1)C2=C(C=CC(=C2)Cl)[C@H](C(F)(F)F)OC3=NC(=NC(=C3)C4=CC=C(C=C4)C[C@@H](C(=O)O)N)N,Active,15,,,Moderate,15,Class = 0
249,384567872,3878,C1=CC(=C(C(=C1)Cl)Cl)C2=C(N=C(N=N2)N)N,Active,14,,,Moderate,14,Class = 0
250,170465606,40632,CC1=CN(C(=O)C=C1)C2=CC=CC=C2,Active,14,,,Moderate,14,Class = 0
251,124881736,5578,COC1=CC(=CC(=C1OC)OC)CC2=CN=C(N=C2N)N,Active,14,,,Moderate,14,Class = 0
252,124954131,51035464,C1CN(CCC1N2C=NC3=C(C2=N)C(=C(N3CCC4=CC=CC=C4)C5=CC=CC=C5)C6=CC=CC=C6)CC7=CC=CC=C7,Active,14,,,Moderate,14,Class = 0
253,26755776,16759607,CC1=C(C(=NN1C)C)C2=CC=CC3=C2CCC(C3)N(C)C,Active,13,,,Moderate,13.43,Class = 0
254,17390061,457193,C[C@@H]1[C@@H](C(=O)N[C@@H](C(=O)N2CCC[C@H]2C(=O)N(CC(=O)N([C@H](C(=O)O1)C(C)C)C)C)C(C)C)NC(=O)C3=C4C(=C(C=C3)C)OC5=C(C(=O)C(=C(C5=N4)C(=O)N[C@H]6[C@H](OC(=O)[C@@H](N(C(=O)CN(C(=O)[C@@H]7CCCN7C(=O)[C@H](NC6=O)C(C)C)C)C)C(C)C)C)N)C,Active,13,,,Moderate,13,Class = 0
255,440681609,3035714,COC1=CC=C(C=C1)S(=O)(=O)NC2=C(N=CC=C2)NC3=CC=C(C=C3)O,Active,13,,,Moderate,13,Class = 0
256,405558567,6445230,CN([C@@H]1CC[C@]2([C@H]3CC4=C5[C@]2([C@H]1OC5=C(C=C4)O)CCN3CC6CC6)O)C(=O)/C=C/C7=COC=C7,Active,13,,,Moderate,13,Class = 0
257,144206015,43593,C1C(=C(N2[C@H](S1)[C@@H](C2=O)NC(=O)[C@@H](C3=CC=CC=C3)O)C(=O)[O-])CSC4=NN=NN4CS(=O)(=O)[O-].[Na+].[Na+],Active,12,,,Moderate,12,Class = 0
258,89650089,44142145,CN1C(=NN=N1)SC2=NC=NC3=C2C(=CS3)C4=CC=CC5=C4SC6=CC=CC=C56,Active,12,,,Moderate,12,Class = 0
259,99367985,23729147,C1CN(CCC1COC2=CC=CC3=C2C(=NC(=N3)N)N)CC4=CC=CC=C4F,Active,12,,,Moderate,12,Class = 0
260,375890183,134810650,CNC(=O)C1CCN(CC1)C(=O)C2=CC=C(C=C2)C3=NC=C4N3C=C(N=C4)C5=CC=CC=C5,Active,12,,,Moderate,12,Class = 0
261,363681347,16136912,C[C@H]1[C@@H]([C@@](C[C@@H](O1)O[C@H]2[C@H]3C(=O)N[C@@H](C4=C(C(=CC(=C4)O)O)C5=C(C=CC(=C5)[C@H](C(=O)N3)NC(=O)[C@H]6C7=CC(=C(C(=C7)OC8=C(C=C2C=C8)Cl)O[C@H]9[C@@H]([C@H]([C@@H]([C@H](O9)CO)O)O)O[C@H]1C[C@]([C@H]([C@@H](O1)C)O)(C)NCC1=CC=C(C=C1)C1=CC=C(C=C1)Cl)OC1=C(C=C(C=C1)[C@H]([C@H](C(=O)N[C@H](C(=O)N6)CC(=O)N)NC(=O)[C@@H](CC(C)C)NC)O)Cl)O)C(=O)O)(C)N)O,Active,12,,,Moderate,12,Class = 0
262,384568491,53316138,C[C@H]1C[C@@H]([C@@H]([C@H](/C=C(\[C@@H]([C@H](/C=C\C=C(/C(=O)NC2=CC(=O)C(=C(C1)C2=O)NCCN(C)C)\C)OC)OC(=O)N)/C)C)O)OC,Active,12,,,Moderate,11.9,Class = 0
263,50106505,11957587,CC[C@@H](C)[C@@H]1[C@H](CC[C@@]2(O1)C[C@@H]3C[C@H](O2)C/C=C(/[C@H]([C@H](/C=C/C=C/4\CO[C@H]5[C@@]4([C@@H](C=C([C@H]5O)C)C(=O)O3)O)C)O[C@H]6C[C@@H]([C@H]([C@@H](O6)C)O[C@H]7C[C@@H]([C@H]([C@@H](O7)C)O)OC)OC)\C)C,Active,11,,,Moderate,11.03,Class = 0
264,170465436,2576,CCCC(C)(COC(=O)N)COC(=O)NC(C)C,Active,11,,,Moderate,11,Class = 0
265,144206748,6437877,CC1=C(SC=N1)/C=C\C2=C(N3[C@@H]([C@@H](C3=O)NC(=O)/C(=N\OC)/C4=CSC(=N4)N)SC2)C(=O)OCOC(=O)C(C)(C)C,Active,11,,,Moderate,11,Class = 0
266,124893436,472335,CC[C@@]1(C2=C(COC1=O)C(=O)N3CC4=CC5=C(C=CC=C5[N+](=O)[O-])N=C4C3=C2)O,Active,11,,,Moderate,11,Class = 0
267,375890154,134810621,CC(=O)NCCNC(=O)C1=CC=C(C=C1)C2=NC=C3N2C=C(N=C3)C4=CC(=CC=C4)F,Active,11,,,Moderate,11,Class = 0
268,375856936,90488073,C1CCC(C1)COCCC2=NOC(=N2)C3CNC3,Inactive,1,,,Low,1,Class = 1
269,104222051,790407,C1=CC(=CN=C1)NC(=O)C2=CC=CS2,Inactive,10,,,Low,10,Class = 1
270,363681454,24765256,CC[C@@H]1C[C@@]1(C(=O)NS(=O)(=O)C2CC2)NC(=O)[C@@H]3C[C@@H]4CN3C(=O)[C@@H](NC(=O)OCC(CCCCC5=C6CN(CC6=CC=C5)C(=O)O4)(C)C)C(C)(C)C,Inactive,10,,,Low,10,Class = 1
271,174006269,4009,CC1=C(C(CCC1)(C)C)CCC(=CCCC2=CCC(OC2O)C3=CC(=O)OC3O)C,Inactive,10,,,Low,9.8,Class = 1
272,405558607,9913767,CC(C)N(CCCCOCC(=O)NS(=O)(=O)C)C1=CN=C(C(=N1)C2=CC=CC=C2)C3=CC=CC=C3,Inactive,9,,,Low,9,Class = 1
273,384569071,159594,CCCCN(CCCC)C(=O)CN1C[C@@H]([C@H]([C@@H]1C2=CC=C(C=C2)OC)C(=O)O)C3=CC4=C(C=C3)OCO4,Inactive,9,,,Low,9,Class = 1
274,363681209,466151,CC1([C@@H](N(CCS1)S(=O)(=O)C2=CC=C(C=C2)OC3=CC=NC=C3)C(=O)NO)C,Inactive,9,,,Low,9,Class = 1
275,384569435,54678924,C1[C@@H]2CC3=C(C(=CC=C3)O)C(=C2C(=O)[C@]4([C@@H]1CC(=O)C(=C4O)C(=O)N)O)O,Inactive,9,,,Low,9,Class = 1
276,363681207,11191162,CCNC1(CN(C1)C2=NC(=NC3=C(C(=NN32)C4=CC=CC=C4Cl)C5=CC=C(C=C5)Cl)C)C(=O)N,Inactive,9,,,Low,8.69,Class = 1
277,124879698,2719,CCN(CC)CCCC(C)NC1=C2C=CC(=CC2=NC=C1)Cl,Inactive,8,,,Low,8,Class = 1
278,855796,23667631,CC1=C(C(=NO1)C2=CC=CC=C2)C(=O)N[C@H]3[C@@H]4N(C3=O)[C@H](C(S4)(C)C)C(=O)[O-].[Na+],Inactive,8,,,Low,8,Class = 1
279,170465048,30323,C[C@H]1[C@H]([C@H](C[C@@H](O1)O[C@H]2C[C@@](CC3=C2C(=C4C(=C3O)C(=O)C5=C(C4=O)C(=CC=C5)OC)O)(C(=O)C)O)N)O,Inactive,8,,,Low,8,Class = 1
280,124897537,73265333,C[C@@]12CC[C@]3(CCC(C[C@@H]3[C@@H]1C(=O)C=C4[C@]2(CC[C@@H]5[C@@]4(C=C(C(=O)C5(C)C)C#N)C)C)(C)C)C(=O)OC,Inactive,8,,,Low,8,Class = 1
281,363680641,135883253,C1CCC2(CC1)CC(=NO2)C3=NC4=C(C=C(C=C4N3)C5=CC=CC=C5C(F)(F)F)C(F)(F)F,Inactive,8,,,Low,8,Class = 1
282,434146885,394397,C1=CC=C(C(=C1)C(=O)NC2=NC=C(S2)[N+](=O)[O-])O,Inactive,8,,,Low,8,Class = 1
283,384568026,10219,CC[C@H]1CN2CCC3=CC(=C(C=C3[C@@H]2C[C@@H]1C[C@@H]4C5=CC(=C(C=C5CCN4)OC)OC)OC)OC,Inactive,7,,,Low,7,Class = 1
284,170466215,68865,CCN(CC)CC(=O)OC1=CC=C(C=C1)NC(=O)C,Inactive,7,,,Low,7,Class = 1
285,384568725,56962337,CC(C)N(CCCNC(=O)NC1=CC=C(C=C1)C(C)(C)C)C[C@@H]2[C@H]([C@H]([C@@H](O2)N3C=C(C4=C(N=CN=C43)N)Br)O)O,Inactive,6,,,Low,6.2,Class = 1
286,144204281,20848883,CN(C)CCN1C(=NN=N1)SCC2=C(N3[C@@H]([C@@H](C3=O)NC(=O)CC4=CSC(=N4)N)SC2)C(=O)O.Cl,Inactive,6,,,Low,6,Class = 1
287,405558690,6426739,CC1([C@@H](N2[C@H](S1)[C@@H](C2=O)NC(=O)COC3=CC=CC=C3)C(=O)[O-])C,Inactive,6,,,Low,6,Class = 1
288,170464668,457193,C[C@@H]1[C@@H](C(=O)N[C@@H](C(=O)N2CCC[C@H]2C(=O)N(CC(=O)N([C@H](C(=O)O1)C(C)C)C)C)C(C)C)NC(=O)C3=C4C(=C(C=C3)C)OC5=C(C(=O)C(=C(C5=N4)C(=O)N[C@H]6[C@H](OC(=O)[C@@H](N(C(=O)CN(C(=O)[C@@H]7CCCN7C(=O)[C@H](NC6=O)C(C)C)C)C)C(C)C)C)N)C,Inactive,6,,,Low,6,Class = 1
289,225144372,4969,CC(CC1=CC2=C(C=C1)OCO2)NCC(C3=CC(=C(C=C3)O)O)O,Inactive,6,,,Low,6,Class = 1
290,363677747,71506583,C1CCC(CC1)NC(=O)OC2=CC(=CC(=C2)O)C3=CC(=CC=C3)C(=O)N,Inactive,6,,,Low,6,Class = 1
291,440681225,71607189,C1=CC=C2C(=C1)C(=NS2(=O)=O)NC3=CC(=CC=C3)NC(=O)CCl,Inactive,6,,,Low,5.9,Class = 1
292,170466838,445154,C1=CC(=CC=C1/C=C/C2=CC(=CC(=C2)O)O)O,Inactive,5,,,Low,5,Class = 1
293,144206857,60021,CC1CN(CCN1)C2=C(C=C3C(=C2)N(C=C(C3=O)C(=O)O)C4=C(C=C(C=C4)F)F)F,Inactive,5,,,Low,5,Class = 1
294,405558678,441401,CC(=O)NC[C@H]1CN(C(=O)O1)C2=CC(=C(C=C2)N3CCOCC3)F,Inactive,5,,,Low,5,Class = 1
295,363677984,10350459,CC1=CC=CC=C1NC(=O)NC2=CC=C(C=C2)CC(=O)N(C)[C@@H](CC(C)C)C(=O)NCC[C@@H](C(=O)O)NC(=O)[C@@H]3CCCN3S(=O)(=O)C4=CC(=CC(=C4)Cl)Cl,Inactive,5,,,Low,5,Class = 1
296,363680189,135533054,C1=CC=C2C=C(C(=CC2=C1)C(=O)N/N=C/C3=CC(=C(C=C3)O)O)O,Inactive,5,,,Low,5,Class = 1
297,363680544,9815610,C1CC2=C(C=CS2)C(=C1)C3=CN=CN3,Inactive,5,,,Low,5,Class = 1
298,144204245,6321411,C=CC1=C(N2[C@@H]([C@@H](C2=O)NC(=O)/C(=N/OCC(=O)O)/C3=CSC(=N3)N)SC1)C(=O)O,Inactive,4,,,Low,4,Class = 1
299,144205998,119570,CCCN[C@H]1CCC2=C(C1)SC(=N2)N,Inactive,4,,,Low,4,Class = 1
300,363677098,11398092,CCO[C@H]1[C@H](CC(=O)O1)NC(=O)[C@@H]2CCCN2C(=O)[C@H](C(C)(C)C)NC(=O)C3=CC(=C(C=C3)N)Cl,Inactive,4,,,Low,4,Class = 1
301,90340793,5735538,CO/S(=N\S(=O)(=O)C1=CC=C(C=C1)Cl)/C2=CC=C(C=C2)[N+](=O)[O-],Inactive,4,,,Low,4,Class = 1
302,363678000,9886249,C1CN(CCC12NC3=C(C=CC(=C3C(=N2)N)F)F)C(=O)C4=CN=C(C=C4)C#N,Inactive,4,,,Low,4,Class = 1
303,363681351,71515460,C1CCN(CC1)NC(=O)C2=NN(C(=C2CNS(=O)(=O)N3CCCC3)C4=CC=C(S4)C#CC5=CC=C(C=C5)C(F)(F)F)C6=C(C=C(C=C6)Cl)Cl,Inactive,4,,,Low,4,Class = 1
304,144204243,5459211,C[C@H]1[C@@H](C(=O)N1S(=O)(=O)O)NC(=O)/C(=N/OC(C)(C)C(=O)O)/C2=CSC(=N2)N,Inactive,4,,,Low,3.5,Class = 1
305,124954167,16736529,CC1=CN=C(C(=C1OC)C)CN2C=NC3=C2N=C(N=C3Cl)N,Inactive,3,,,Low,3.17,Class = 1
306,4252816,8546,C1=CC=C2C(=C1)C=C(C(=C2CC3=C(C(=CC4=CC=CC=C43)C(=O)O)O)O)C(=O)O,Inactive,3,,,Low,3,Class = 1
307,472319432,3767,C1=CN=CC=C1C(=O)NN,Inactive,3,,,Low,3,Class = 1
308,170466514,68770,CC(C)(C)NCC(COC1=CC=C(C=C1)NC(=O)NC2CCCCC2)O,Inactive,3,,,Low,3,Class = 1
309,170466019,20055424,CC1=NC=C(C(=N1)N)CN(/C(=C(\SS/C(=C(\N(C=O)CC2=CN=C(N=C2N)C)/C)/CCOC(=O)C(C)C)/CCOC(=O)C(C)C)/C)C=O,Inactive,3,,,Low,3,Class = 1
310,440681719,146033,C1=CC(=CC=C1[C@H]([C@H](CO)NC(=O)C(Cl)Cl)O)[N+](=O)[O-],Inactive,3,,,Low,3,Class = 1
311,225144306,50989217,C[C@@H]1OC[C@@H]2[C@H](O1)[C@@H]([C@@H]([C@@H](O2)O[C@H]3[C@H]4COC(=O)[C@@H]4[C@@H](C5=CC6=C(C=C35)OCO6)C7=CC(=C(C(=C7)OC)O)OC)O)O,Inactive,3,,,Low,3,Class = 1
312,124950515,46926588,C1=CC=C(C=C1)CN2C=C(C3=C2N=CN(C3=N)CCNCCO)C4=CC=CC=C4,Inactive,3,,,Low,3,Class = 1
313,124951235,50985813,C1OC2=C(O1)C=C(C=C2)CN3C=NC4=C(C3=N)C(=C(N4CC5=CC=CC=C5)C6=CC=CC=C6)C7=CC=CC=C7,Inactive,3,,,Low,3,Class = 1
314,124954120,51035475,C[C@H]([C@H](C1=CC=CC=C1)O)N2C=NC3=C(C2=N)C(=C(N3CC4=CC=CC=C4)C5=CC=CC=C5)C6=CC=CC=C6,Inactive,3,,,Low,3,Class = 1
315,363678257,127894,C1C[C@H]2CN[C@@H](C[C@H]2C[C@H]1CCC3=NNN=N3)C(=O)O,Inactive,3,,,Low,3,Class = 1
316,363681200,16741475,CN1C=C(C2=C1C=CC(=C2)Br)C3=C(C(=O)NC3=O)C4=COC5=CC=CC=C54,Inactive,3,,,Low,3,Class = 1
317,384569335,46188928,C1C[C@@H](N(C1)C2=NC3=C(C=NN3C=C2)NC(=O)N4CC[C@@H](C4)O)C5=C(C=CC(=C5)F)F,Inactive,3,,,Low,3,Class = 1
318,405558834,135456161,CC1=C(OC(=O)O1)COC(=O)N2CC[C@H](C2)N3CC/C(=C\C4=C(N5[C@@H]([C@@H](C5=O)NC(=O)/C(=N/O)/C6=NSC(=N6)N)SC4)C(=O)O)/C3=O,Inactive,3,,,Low,3,Class = 1
319,405558514,9863827,CC1=CC(=CN=C1NC)C2=C(C3=C(C=C2)C(=O)C(=CN3C4CC4)C(=O)O)C,Inactive,3,,,Low,3,Class = 1
320,124881866,23689697,CC(=O)OCC1=C(N2C(C(C2=O)NC(=O)CC3=CC=CS3)SC1)C(=O)[O-].[Na+],Inactive,2,,,Low,2,Class = 1
321,144204170,443944,CC(=O)NC1=C(C(=C(C(=C1I)C(=O)N[C@@H]2[C@H]([C@@H]([C@H](OC2O)CO)O)O)I)N(C)C(=O)C)I,Inactive,2,,,Low,2,Class = 1
322,170466062,14710,CC[N+]1=C2C=C(C=CC2=C3C=CC(=CC3=C1C4=CC=CC=C4)N)N.[Br-],Inactive,2,,,Low,2,Class = 1
323,26748416,23663396,CC(=O)OCC1=C(N2C(C(C2=O)NC(=O)CCCC(C(=O)O)N)SC1)C(=O)[O-].[Na+],Inactive,2,,,Low,2,Class = 1
324,405559067,5362065,C=CC1=C(N2[C@@H]([C@@H](C2=O)NC(=O)/C(=N\OCC(=O)O)/C3=CSC(=N3)N)SC1)C(=O)O,Inactive,2,,,Low,2,Class = 1
325,144206929,5361202,CO/N=C(\C1=CC=CO1)/C(=O)N[C@H]2[C@@H]3N(C2=O)C(=C(CS3)COC(=O)N)C(=O)O,Inactive,2,,,Low,2,Class = 1
326,384568479,151118,CC(=O)NC1=CC=C(C=C1)C(=O)NC(C)(C)C,Inactive,2,,,Low,2,Class = 1
327,170465602,10358237,C1CCN(CC1)C[C@@H](CO/N=C(/C2=C[N+](=CC=C2)[O-])\Cl)O,Inactive,2,,,Low,2,Class = 1
328,387065837,54681908,CN(C)[C@H]1[C@@H]2C[C@@H]3CC4=C(C=CC(=C4C(=C3C(=O)[C@@]2(C(=C(C1=O)C(=O)N)O)O)O)O)CN(C)OC,Inactive,2,,,Low,2,Class = 1
329,405558609,9852982,CCO/N=C(/C1=NSC(=N1)NP(=O)(O)O)\C(=O)N[C@H]2[C@@H]3N(C2=O)C(=C(CS3)SC4=NC(=CS4)C5=CC=[N+](C=C5)C)C(=O)O,Inactive,2,,,Low,2,Class = 1
330,434147169,57381425,C1CC1(C2=CC=CC=C2)NC3=NC=C(C=N3)C(=O)NO,Inactive,2,,,Low,2,Class = 1
331,441175908,58557659,CC[C@@H]1CN(C[C@@H]1C2=CN=C3N2C4=C(NC=C4)N=C3)C(=O)NCC(F)(F)F,Inactive,2,,,Low,2,Class = 1
332,384569061,6445540,C[C@H]1CCC[C@@]2([C@@H](O2)C[C@H](NC(=O)C[C@@H](C(C(=O)[C@@H]([C@H]1O)C)(C)C)O)/C(=C/C3=CSC(=N3)C)/C)C,Inactive,2,,,Low,1.7,Class = 1
333,4254372,60699,CC[C@@]1(C2=C(COC1=O)C(=O)N3CC4=CC5=C(C=CC(=C5CN(C)C)O)N=C4C3=C2)O.Cl,Inactive,1,,,Low,1.37,Class = 1
334,384569272,132018767,CCOC(=N)C1=NC2=C(S1)C3=C(C=C2)N=CN=C3NC4=CC(=C(C=C4Cl)F)F,Inactive,1,,,Low,1.2,Class = 1
335,472319427,2519,CN1C=NC2=C1C(=O)N(C(=O)N2C)C,Inactive,1,,,Low,1,Class = 1
336,124879761,2673,CC1=C(N2C(C(C2=O)NC(=O)C(C3=CCC=CC3)N)SC1)C(=O)O,Inactive,1,,,Low,1,Class = 1
337,170464715,3446,C1CCC(CC1)(CC(=O)O)CN,Inactive,1,,,Low,1,Class = 1
338,170464942,681,C1=CC(=C(C=C1CCN)O)O,Inactive,1,,,Low,1,Class = 1
339,144204041,441328,CC(=O)OCC1=C(N2[C@@H]([C@@H](C2=O)N)SC1)C(=O)O,Inactive,1,,,Low,1,Class = 1
340,124882529,446541,CC1=C2COC(=O)C2=C(C(=C1OC)C/C=C(\C)/CCC(=O)O)O,Inactive,1,,,Low,1,Class = 1
341,144204221,43507,C1C(=C(N2[C@H](S1)[C@@H](C2=O)NC(=O)CC3=CC=CC=C3CN)C(=O)O)CSC4=NN=NN4CC(=O)O,Inactive,1,,,Low,1,Class = 1
342,144204232,53025,CN1C(=NN=N1)SCC2=C(N3[C@@H]([C@@](C3=O)(NC(=O)C4SC(=C(C(=O)N)C(=O)O)S4)OC)SC2)C(=O)O,Inactive,1,,,Low,1,Class = 1
343,144204318,23704143,CCOC1=C(C2=CC=CC=C2C=C1)C(=O)N[C@H]3[C@@H]4N(C3=O)[C@H](C(S4)(C)C)C(=O)[O-].O.[Na+],Inactive,1,,,Low,1,Class = 1
344,144204344,441242,CN1C(=NN=N1)SCC2=C(N3[C@@H]([C@@](C3=O)(NC(=O)C(C4=CC=C(C=C4)O)C(=O)[O-])OC)OC2)C(=O)[O-].[Na+].[Na+],Inactive,1,,,Low,1,Class = 1
345,440681566,5491295,C[N+]1(CCCC1)CC2=C(N3[C@@H]([C@@H](C3=O)NC(=O)/C(=N\OC)/C4=CSC(=N4)N)SC2)C(=O)O,Inactive,1,,,Low,1,Class = 1
346,170465045,444795,CC1=C(C(CCC1)(C)C)/C=C/C(=C/C=C/C(=C/C(=O)O)/C)/C,Inactive,1,,,Low,1,Class = 1
347,17389537,73339,C1[C@@H](O[C@@H](S1)CO)N2C=CC(=NC2=O)N,Inactive,1,,,Low,1,Class = 1
348,377020433,5083,CN1C=C(C2=CC=CC=C21)C3=C(C(=O)NC3=O)C4=CN(C5=CC=CC=C54)CCCSC(=N)N,Inactive,1,,,Low,1,Class = 1
349,144204873,23678596,CC1([C@@H](N2[C@H](S1)[C@@H](C2=O)NC(=O)C3=C(C=CC=C3OC)OC)C(=O)[O-])C.O.[Na+],Inactive,1,,,Low,1,Class = 1
350,124891818,5206924,C1C(=C(N2C(S1)C(C2=O)NC(=O)CC3=CC=CS3)C(=O)[O-])C[N+]4=CC=CC=C4,Inactive,1,,,Low,1,Class = 1
351,144206746,6915944,C=CC1=C(N2[C@@H]([C@@H](C2=O)NC(=O)/C(=N\O)/C3=CSC(=N3)N)SC1)C(=O)O,Inactive,1,,,Low,1,Class = 1
352,174006309,5358,CNS(=O)(=O)CC1=CC2=C(C=C1)NC=C2CCN(C)C,Inactive,1,,,Low,1,Class = 1
353,24401733,135410436,CC1=C(C(N2C(=C(C=N2)C(=O)NC3=CC=C(C=C3)F)N1)C4=CC=C(C=C4)Cl)C(=O)NC5=CC=CC=C5OC,Inactive,1,,,Low,1,Class = 1
354,24417192,4901885,COC1=C(C=C(C=C1)Cl)NC(=O)C2=C(C3=CC4=C(C5CCN4CC5)N=C3S2)N,Inactive,1,,,Low,1,Class = 1
355,440681301,5362440,CC(C)(C)NC(=O)[C@@H]1CN(CCN1C[C@H](C[C@@H](CC2=CC=CC=C2)C(=O)N[C@@H]3[C@@H](CC4=CC=CC=C34)O)O)CC5=CN=CC=C5,Inactive,1,,,Low,1,Class = 1
356,26756662,16760024,C1=NC(=C2C(=N1)N(C=N2)[C@@H]3[C@H]([C@H]([C@@H](O3)CSCC[C@H](C(=O)O)N)O)O)N,Inactive,1,,,Low,1,Class = 1
357,26756709,73530,CC1C2=C(CC(N1)C(=O)O)C3=CC=CC=C3N2,Inactive,1,,,Low,1,Class = 1
358,363676618,107985,CC(C)[C@@]12[C@@H](O1)[C@H]3[C@@]4(O3)[C@]5(CCC6=C([C@@H]5C[C@H]7[C@]4([C@@H]2O)O7)COC6=O)C,Inactive,1,,,Low,1,Class = 1
359,26757056,5311081,C1C[C@H](N(C1)C(=O)[C@H](CC2=CC=C(C=C2)O)N)C(=O)N[C@@H](CC3=CC=CC=C3)C(=O)N[C@@H](CC4=CC=CC=C4)C(=O)N,Inactive,1,,,Low,1,Class = 1
360,26757062,443363,CSCC[C@@H](C(=O)O)NC(=O)[C@H](CC1=CC=CC=C1)NC(=O)CNC(=O)CNC(=O)[C@H](CC2=CC=C(C=C2)O)N,Inactive,1,,,Low,1,Class = 1
361,170466271,65894,C[C@H]([C@@H]1[C@@H]2N(C1=O)C(=C(S2)[C@H]3CCCO3)C(=O)O)O,Inactive,1,,,Low,1,Class = 1
362,29217475,16078939,C1=CC=C(C=C1)COC2=CC=CC=C2C(C3=CC(=CC=C3)F)OC[C@@H](C(=O)O)N,Inactive,1,,,Low,1,Class = 1
363,170466028,38882,CC1=NC=C(C(=C1O)C=O)COP(=O)(O)O.O,Inactive,1,,,Low,1,Class = 1
364,144205981,5484,CN1CCCC(=C(C2=CC=CS2)C3=CC=CS3)C1,Inactive,1,,,Low,1,Class = 1
365,405558753,636405,CC1=CC(=O)C(=CN1)C(=O)N[C@H](C2=CC=C(C=C2)O)C(=O)N[C@H]3[C@@H]4N(C3=O)C(=C(CS4)CSC5=NN=NN5C)C(=O)O,Inactive,1,,,Low,1,Class = 1
366,405558486,24868269,CO/N=C(\C1=CSC(=N1)N)/C(=O)N[C@H]2[C@@H]3N(C2=O)C(=CCS3)C(=O)[O-],Inactive,1,,,Low,1,Class = 1
367,405558707,5281042,C[N+]1(CCC2=CC(=C(C=C2[C@H]1CC3=CC(=C(C(=C3)OC)OC)OC)OC)OC)CCCOC(=O)CC/C=C/CCC(=O)OCCC[N+]4(CCC5=CC(=C(C=C5[C@H]4CC6=CC(=C(C(=C6)OC)OC)OC)OC)OC)C,Inactive,1,,,Low,1,Class = 1
368,144206034,160024,C1[C@H](OC2=C([C@]13C(=O)NC(=O)N3)C=C(C=C2)F)C(=O)N,Inactive,1,,,Low,1,Class = 1
369,144206104,9568618,C1=C(N=C(S1)N)/C(=N/OCC(=O)[O-])/C(=O)N[C@H]2[C@H](N(C2=O)S(=O)(=O)[O-])COC(=O)N.[Na+].[Na+],Inactive,1,,,Low,1,Class = 1
370,144206111,4237,COC1=CC=C(C=C1)C2=C(ON=C2C3=CC=C(C=C3)OC)CC(=O)O,Inactive,1,,,Low,1,Class = 1
371,144206126,9852176,CC1=C(SC(=N1)SCC2=C(N3[C@@H]([C@@H](C3=O)NC(=O)/C(=N\OC)/C4=CSC(=N4)N)SC2)C(=O)[O-])CC(=O)[O-].[Na+].[Na+],Inactive,1,,,Low,1,Class = 1
372,174006168,73265182,CC(=O)OC[C@H]1[C@@H]([C@H]([C@@H](O1)N2C=CC(=O)NC2=O)OC(=O)C)OC(=O)C,Inactive,1,,,Low,1,Class = 1
373,170465670,443101,C[N+]1=C2C=C(C=CC2=CC3=C1C=C(C=C3)N)N.C1=CC(=CC2=NC3=C(C=CC(=C3)N)C=C21)N.[Cl-],Inactive,1,,,Low,1,Class = 1
374,363677056,5315244,COC(=O)C1=CC=CC=C1O[C@H]2[C@@H]([C@H]([C@@H]([C@H](O2)CO[C@H]3[C@@H]([C@H]([C@@H](CO3)O)O)O)O)O)O,Inactive,1,,,Low,1,Class = 1
375,144206212,160243,C[N+]1(CC(CC(=C(C2=CC=CS2)C3=CC=CS3)C1)OC)C.[Br-],Inactive,1,,,Low,1,Class = 1
376,144206354,5485193,CCOC(=O)[C@H](CCC1=CC=CC=C1)N[C@@H](C)C(=O)N2[C@@H](CN(C2=O)C)C(=O)O.Cl,Inactive,1,,,Low,1,Class = 1
377,144206652,93184,CC1([C@@H](N2[C@H](S1)[C@@H](C2=O)NC(=O)C(C3=CC=CC=C3)C(=O)OC4=CC5=C(CCC5)C=C4)C(=O)O)C,Inactive,1,,,Low,1,Class = 1
378,144206845,164486,C1=CN(C(=N1)[N+](=O)[O-])CO[C@@H](CO)[C@@H](CO)O,Inactive,1,,,Low,1,Class = 1
379,144206464,6918126,CC/C=C(/C1=CSC(=N1)N)\C(=O)N[C@H]2[C@@H]3N(C2=O)C(=C(CS3)COC(=O)N)C(=O)OCOC(=O)C(C)(C)C.Cl,Inactive,1,,,Low,1,Class = 1
380,144206467,23663404,CC#CCC(C)[C@@H](/C=C/[C@H]1[C@@H](C[C@H]2[C@@H]1C3=CC=CC(=C3O2)CCCC(=O)[O-])O)O.[Na+],Inactive,1,,,Low,1,Class = 1
381,144206846,20749,CC[N+]1(CCC(=C(C2=CC=CC=C2)C3=CC=CC=C3)C1C)CC.[Br-],Inactive,1,,,Low,1,Class = 1
382,174006739,107970,CCCCCCCCC1=CC=C(C=C1)CCC(CO)(CO)N,Inactive,1,,,Low,1,Class = 1
383,124950503,46926601,COC(=O)C[C@@H](C(=O)OC)N1C=NC2=C(C1=N)C(=CN2CC3=CC=C(C=C3)Br)C4=CC=CC=C4,Inactive,1,,,Low,1,Class = 1
384,124951236,50985822,C1=CC=C(C=C1)C[C@@H](CO)N2C=NC3=C(C2=N)C(=C(N3CC4=CC=CC=C4)C5=CC=CC=C5)C6=CC=CC=C6,Inactive,1,,,Low,1,Class = 1
385,144206414,6321225,CN1CC[C@]23[C@@H]4[C@H]1CC5=C2C(=C(C=C5)O)O[C@H]3[C@H](C=C4)O.CN1CC[C@]23[C@@H]4[C@H]1CC5=C2C(=C(C=C5)O)O[C@H]3[C@H](C=C4)O.O.O.O.O.O.OS(=O)(=O)O,Inactive,1,,,Low,1,Class = 1
386,124954118,51035481,CCOC(CCCN1C=NC2=C(C1=N)C(=C(N2CCC3=CC=CC=C3)C4=CC=CC=C4)C5=CC=CC=C5)OCC,Inactive,1,,,Low,1,Class = 1
387,124954130,51035465,C1=CC=C(C=C1)CCN2C(=C(C3=C2N=CN(C3=N)[C@@H](CC4=CC=CC=C4)CO)C5=CC=CC=C5)C6=CC=CC=C6,Inactive,1,,,Low,1,Class = 1
388,170466755,33498,CC1=C(N2[C@@H]([C@@H](C2=O)N)SC1)C(=O)O,Inactive,1,,,Low,1,Class = 1
389,170466166,41448,C1C2=CC=CC=C2C(=O)C3=C(O1)C=CC(=C3)CC(=O)O,Inactive,1,,,Low,1,Class = 1
390,170465975,196639,CCOC(=O)C1=CC(=O)C2=C(O1)C=CC=C2OCC(COC3=CC=CC4=C3C(=O)C=C(O4)C(=O)OCC)OC(=O)[C@H](CCCCN)N,Inactive,1,,,Low,1,Class = 1
391,137275961,57519507,CC1=C(C2=CC=CC=C2N1)CCNCC3=CC=C(C=C3)C=CC(=O)NO,Inactive,1,,,Low,1,Class = 1
392,170464711,9677,CCCCCCCCCC(=O)O[C@H]1CC[C@@H]2[C@@]1(CC[C@H]3[C@H]2CCC4=CC(=O)CC[C@H]34)C,Inactive,1,,,Low,1,Class = 1
393,363677287,150311,C1=CC(=CC=C1[C@@H]2[C@H](C(=O)N2C3=CC=C(C=C3)F)CC[C@@H](C4=CC=C(C=C4)F)O)O,Inactive,1,,,Low,1,Class = 1
394,387059820,439155,C1=NC(=C2C(=N1)N(C=N2)[C@H]3[C@@H]([C@@H]([C@H](O3)CSCC[C@@H](C(=O)O)N)O)O)N,Inactive,1,,,Low,1,Class = 1
395,405558952,140689680,CN1C(=NN=N1)SCC2=C(N3C([C@H](C3=O)NC(=O)C(C4=CC=CC=C4)O)SC2)C(=O)[O-],Inactive,1,,,Low,1,Class = 1
396,170466100,129109,CC(C(=O)N1C(CN(C1=O)C)C(=O)O)NC(CCC2=CC=CC=C2)C(=O)O,Inactive,1,,,Low,1,Class = 1
397,440681275,40467085,CN1C(=NN=N1)SCC2=C(N3[C@@H]([C@@H](C3=O)NC(=O)[C@@H](C4=CC=CC=C4)OC=O)SC2)C(=O)[O-],Inactive,1,,,Low,1,Class = 1
398,174006690,44205240,CCS(=O)(=O)N1CC(C1)(CC#N)N2C=C(C=N2)C3=C4C=CNC4=NC=N3,Inactive,1,,,Low,1,Class = 1
399,174006194,656574,CON=C(C1=CSC(=N1)N)C(=O)N[C@H]2[C@@H]3N(C2=O)C(=C(CS3)CN4C=CC(=N)N4CCO)C(=O)O,Inactive,1,,,Low,1,Class = 1
400,384568917,10253143,C1COCCC1CNC(=O)C2=CN=C(N=C2C(F)(F)F)NC3=C(C=C(C=C3)Cl)Cl,Inactive,1,,,Low,1,Class = 1
401,387059832,57345410,CC(C)N(C[C@@H]1[C@H]([C@H]([C@@H](O1)N2C=NC3=C(N=CN=C32)N)O)O)C4CC(C4)CCC5=NC6=C(N5)C=C(C=C6)C(C)(C)C,Inactive,1,,,Low,1,Class = 1
402,363677804,56962336,CC(C)N(CCCNC(=O)NC1=CC=C(C=C1)C(C)(C)C)C[C@@H]2[C@H]([C@H]([C@@H](O2)N3C=CC4=C(N=CN=C43)N)O)O,Inactive,1,,,Low,1,Class = 1
403,363678001,5311096,C1CC(CCC1CCN2CCC3=C(C2)C=CC(=C3)C#N)NC(=O)C4=CC=NC5=CC=CC=C45,Inactive,1,,,Low,1,Class = 1
404,363678164,11983356,C1CN[C@@H]1COC2=CN=CC(=C2)C#CCCCCO,Inactive,1,,,Low,1,Class = 1
405,384569111,153270,CCO[C@H]1[C@H](CC(=O)O1)NC(=O)[C@@H]2CCCN3N2C(=O)[C@H](CCC3=O)NC(=O)C4=NC=CC5=CC=CC=C54,Inactive,1,,,Low,1,Class = 1
406,363679438,44715627,C[C@@H]1C[C@H]([C@]2([C@@H](O1)O[C@@H]3CC4CC[C@@H]5C([C@]4(C[C@H]3O2)C=O)CC[C@]6([C@@]5(CC[C@@H]6C7=CC(=O)OC7)O)C)O)O,Inactive,1,,,Low,1,Class = 1
407,363679723,4365980,COC1=CC(=CC2=C1OC(C2CO)C3=CC(=C(C=C3)O)OC)CCCO,Inactive,1,,,Low,1,Class = 1
408,363680331,11256560,CC(C)(C)C1=CC2=C(C=C1)[C@@H](CC2)NC(=O)NC3=CC=CC4=C3C=NN4,Inactive,1,,,Low,1,Class = 1
409,377020343,2054170,C1=C(C=C(C=C1C(=O)NCCO)C(=O)NCCO)C(=O)NCCO,Inactive,1,,,Low,1,Class = 1
410,405559121,146170502,CC1([C@@H](N2[C@H](S1)[C@@H](C2=O)NC(=O)C(C3=CSC=C3)C(=O)O)C(=O)[O-])C,Inactive,1,,,Low,1,Class = 1
411,377020228,135398522,C1OC2=C(O1)C=C(C=C2)/C=C\3/C(=O)NC(=N3)NC4=CC=CC=C4,Inactive,1,,,Low,1,Class = 1
412,375890460,134810927,CC(=O)N1CCN(CC1)C(=O)C2=CC=C(C=C2)C3=NC=C4N3C=C(N=C4)C5=CC(=CC=C5)F,Inactive,1,,,Low,1,Class = 1
413,375890192,134810659,C1=CC=C(C=C1)C2=CN3C(=CN=C3C4=CC=C(C=C4)C(=O)O)C=N2,Inactive,1,,,Low,1,Class = 1
414,375889102,134809569,C1=CC(=CC(=C1)F)C2=CN3C(=CN=C3C4=CC=C(C=C4)C(=O)NCCC5=CN=CN5)C=N2,Inactive,1,,,Low,1,Class = 1
415,375873079,56893258,C1C[C@@H](C[C@H]1NC2=NC=CC(=N2)C3=CC=NC=C3)NC(=O)CNC(=O)N,Inactive,1,,,Low,1,Class = 1
416,377020474,66610682,CC(C)CN(CC(=O)N(CCCN1CCCC1=O)CC(=O)N)C(=O)CNCCC2=CC=CC=C2F,Inactive,1,,,Low,1,Class = 1
417,363681103,71226662,CC#CC(=O)N1CCC[C@H]1C2=NC(=C3N2C=CN=C3N)C4=CC=C(C=C4)C(=O)NC5=CC=CC=N5,Inactive,1,,,Low,1,Class = 1
418,434147152,185617,C1=CC(=CC=C1C2=CC(=O)C3=C(C(=C(C=C3O2)O[C@H]4[C@@H]([C@H]([C@@H]([C@H](O4)C(=O)O)O)O)O)O)O)O,Inactive,1,,,Low,1,Class = 1
419,363681152,10474479,C1=CC(=CC=C1CNC2=C3C(=NC=N2)N(C=N3)[C@H]4[C@@H]([C@@H]([C@H](O4)CO)O)O)O,Inactive,1,,,Low,1,Class = 1
420,377020475,117779453,C1CN(CCC1(F)F)C(=O)C2=CC=C(C=C2)C3=CC(=C4C(=C3)C=C(O4)CNC(=O)/C=C/C5=CN=C(C=C5)N)C6=CC=C(C=C6)F,Inactive,1,,,Low,1,Class = 1
421,363681251,2815031,C1=NC(=C2C(=N1)N(C=N2)CCNCCCCCO)N,Inactive,1,,,Low,1,Class = 1
422,363681255,9929984,C1CC[C@H]2[C@@H](C1)C[C@H](N2C(=O)[C@@H]3C[C@H]3C4=CC=CC=C4)C(=O)N5CCSC5,Inactive,1,,,Low,1,Class = 1
423,363681395,72706115,CC1=NC(=CC=C1)NC(=O)C2=C(C=C(C=C2)C(F)(F)F)C(=O)O,Inactive,1,,,Low,1,Class = 1
424,405558601,6918236,C1CNC2=C(C(=O)C2=O)N(C1)CCP(=O)(O)O,Inactive,1,,,Low,1,Class = 1
425,405558968,6918632,C[C@@H]1C(=O)N([C@H](C(=O)O[C@@H](C(=O)N([C@H](C(=O)O[C@@H](C(=O)N([C@H](C(=O)O[C@@H](C(=O)N([C@H](C(=O)O1)CC(C)C)C)CC2=CC=C(C=C2)N3CCOCC3)CC(C)C)C)C)CC(C)C)C)CC4=CC=C(C=C4)N5CCOCC5)CC(C)C)C,Inactive,1,,,Low,1,Class = 1
426,405558614,5486799,CCC1=C(C2=CC3=C(C(=C(N3)C=C4[C@H]([C@@H](C(=N4)C(=C5C(=C(C(=N5)C=C1N2)C)C(=O)O)CC(=O)N[C@@H](CC(=O)O)C(=O)O)CCC(=O)O)C)C)C=C)C,Inactive,1,,,Low,1,Class = 1
427,405558959,127527,CCN1CCN(C(=O)C1=O)C(=O)N[C@H]([C@H](C)O)C(=O)N[C@]2([C@@H]3N(C2=O)C(=C(CS3)CSC4=NN=NN4C)C(=O)O)OC,Inactive,1,,,Low,1,Class = 1
428,405558803,56959087,COCCOCCOCCOCCOCCOCCOCCO[C@H]1CC[C@]2([C@H]3CC4=C5[C@]2([C@H]1OC5=C(C=C4)O)CCN3CC=C)O,Inactive,1,,,Low,1,Class = 1
429,405559059,656629,C1C[C@H](N2[C@H](C1)SCC[C@@H](C2=O)NC(=O)[C@H](CC3=CC=CC=C3)S)C(=O)O,Inactive,1,,,Low,1,Class = 1
430,405558528,3116,C[N+]1=CC=CC(=C1)OC(=O)N(C)CCCCCCN(C)C(=O)OC2=C[N+](=CC=C2)C,Inactive,1,,,Low,1,Class = 1
431,405559012,54767916,CC(C)[C@@H](C(=O)N1CCC[C@H]1C(=O)NC2=CC=C(C=C2)[C@@H]3CC[C@H](N3C4=CC=C(C=C4)C(C)(C)C)C5=CC=C(C=C5)NC(=O)[C@@H]6CCCN6C(=O)[C@H](C(C)C)NC(=O)OC)NC(=O)OC,Inactive,1,,,Low,1,Class = 1
432,384569448,46836227,CN1C2=C(C=C(C=C2)N(CCCl)CCCl)N=C1CCCCCCC(=O)NO,Inactive,1,,,Low,1,Class = 1
433,384569456,15950826,C1C(CN1C(=O)CBr)([N+](=O)[O-])[N+](=O)[O-],Inactive,1,,,Low,1,Class = 1
434,405558434,5284585,C1CC(=C(N2[C@H]1[C@@H](C2=O)NC(=O)[C@@H](C3=CC=CC=C3)N)C(=O)O)Cl,Inactive,1,,,Low,1,Class = 1
435,405558954,91562,CC(=O)OCC1=C(N2[C@@H]([C@@H](C2=O)NC(=O)CC#N)SC1)C(=O)O,Inactive,1,,,Low,1,Class = 1
436,405558643,19150,CC(=O)OCC1=C(N2[C@@H]([C@@H](C2=O)NC(=O)[C@@H](C3=CC=CC=C3)N)SC1)C(=O)O,Inactive,1,,,Low,1,Class = 1
437,434146871,56844015,B1(OC(=O)C(O1)(CC(=O)O)CC(=O)O)[C@H](CC(C)C)NC(=O)CNC(=O)C2=C(C=CC(=C2)Cl)Cl,Inactive,1,,,Low,1,Class = 1
438,405559088,6335986,COCC1=C(N2[C@@H]([C@@H](C2=O)NC(=O)/C(=N\OC)/C3=CSC(=N3)N)SC1)C(=O)O,Inactive,1,,,Low,1,Class = 1